candidate,day,startEquity,endEquity,netPnl,minEquity,baseline,floor,closeDrawdownPct
pullback-2-r10,2026-01-01,5000,4999.60772094647,-0.39227905352981907,4998.345504115992,5000,4750,0.019907282709748113
pullback-2-r10,2026-01-02,4999.60772094647,4999.60772094647,0,4999.60772094647,4999.60772094647,4749.627334899146,0.019907282709748113
pullback-2-r10,2026-01-03,4999.60772094647,4999.60772094647,0,4999.60772094647,4999.60772094647,4749.627334899146,0.019907282709748113
pullback-2-r10,2026-01-04,4999.60772094647,4999.60772094647,0,4999.60772094647,4999.60772094647,4749.627334899146,0.019907282709748113
pullback-2-r10,2026-01-05,4999.60772094647,5005.719254408753,6.11153346228275,4996.471110729759,4999.60772094647,4749.627334899146,0.010135608284650398
pullback-2-r10,2026-01-06,5005.719254408753,5000.719261279318,-4.999993129435097,5000.719261279318,5005.719254408753,4755.433291688315,0.1621018097142947
pullback-2-r10,2026-01-07,5000.719261279318,4995.719261573152,-4.999999706165909,4995.719261573151,5000.719261279318,4750.683298215352,0.26192534219708885
pullback-2-r10,2026-01-08,4995.719261573152,4995.719261573152,0,4995.719261573152,4995.719261573152,4745.933298494494,0.26192534219708885
pullback-2-r10,2026-01-09,4995.719261573152,4990.723545685659,-4.995715887493134,4990.723545685659,4995.719261573152,4745.933298494494,0.36166334949237056
pullback-2-r10,2026-01-10,4990.723545685659,4990.723545685659,0,4990.723545685659,4990.723545685659,4741.187368401375,0.36166334949237056
pullback-2-r10,2026-01-11,4990.723545685659,4990.723545685659,0,4990.723545685659,4990.723545685659,4741.187368401375,0.36166334949237056
pullback-2-r10,2026-01-12,4990.723545685659,4990.723545685659,0,4990.723545685659,4990.723545685659,4741.187368401375,0.36166334949237056
pullback-2-r10,2026-01-13,4990.723545685659,4990.723545685659,0,4990.723545685659,4990.723545685659,4741.187368401375,0.36166334949237056
pullback-2-r10,2026-01-14,4990.723545685659,4990.723545685659,0,4990.723545685659,4990.723545685659,4741.187368401375,0.36166334949237056
pullback-2-r10,2026-01-15,4990.723545685659,4990.4967737313,-0.22677195435881004,4985.7833415817995,4990.723545685659,4741.187368401375,0.36619078526885823
pullback-2-r10,2026-01-16,4990.4967737313,4988.316479372181,-2.180294359119216,4987.994230753003,4990.4967737313,4740.971935044735,0.40971972478283347
pullback-2-r10,2026-01-17,4988.316479372181,4988.316479372181,0,4988.316479372181,4988.316479372181,4738.900655403571,0.40971972478283347
pullback-2-r10,2026-01-18,4988.316479372181,4988.316479372181,0,4988.316479372181,4988.316479372181,4738.900655403571,0.40971972478283347
pullback-2-r10,2026-01-19,4988.316479372181,4988.316479372181,0,4988.316479372181,4988.316479372181,4738.900655403571,0.40971972478283347
pullback-2-r10,2026-01-20,4988.316479372181,4988.316479372181,0,4988.316479372181,4988.316479372181,4738.900655403571,0.40971972478283347
pullback-2-r10,2026-01-21,4988.316479372181,4987.177253477368,-1.1392258948126255,4986.373359795591,4988.316479372181,4738.900655403571,0.432464036742658
pullback-2-r10,2026-01-22,4987.177253477368,4990.78503167422,3.607778196851541,4985.857787348011,4987.177253477368,4737.8183908035,0.3604357997049624
pullback-2-r10,2026-01-23,4990.78503167422,4991.381536558586,0.5965048843663681,4989.353338290877,4990.78503167422,4741.245780090509,0.3485267540649674
pullback-2-r10,2026-01-24,4991.381536558586,4991.381536558586,0,4991.381536558586,4991.381536558586,4741.812459730657,0.3485267540649674
pullback-2-r10,2026-01-25,4991.381536558586,4991.381536558586,0,4991.381536558586,4991.381536558586,4741.812459730657,0.3485267540649674
pullback-2-r10,2026-01-26,4991.381536558586,4986.390160168028,-4.991376390557889,4986.390160168028,4991.381536558586,4741.812459730657,0.4481781245725029
pullback-2-r10,2026-01-27,4986.390160168028,4983.516409223702,-2.873750944326275,4982.573105414893,4986.390160168028,4737.070652159627,0.5055517220918495
pullback-2-r10,2026-01-28,4983.516409223702,4983.516409223702,0,4983.516409223702,4983.516409223702,4734.340588762517,0.5055517220918495
pullback-2-r10,2026-01-29,4983.516409223702,4983.516409223702,0,4983.516409223702,4983.516409223702,4734.340588762517,0.5055517220918495
pullback-2-r10,2026-01-30,4983.516409223702,4983.516409223702,0,4983.516409223702,4983.516409223702,4734.340588762517,0.5055517220918495
pullback-2-r10,2026-01-31,4983.516409223702,4983.516409223702,0,4983.516409223702,4983.516409223702,4734.340588762517,0.5055517220918495
pullback-2-r10,2026-02-01,4983.516409223702,4983.516409223702,0,4983.516409223702,4983.516409223702,4734.340588762517,0.5055517220918495
pullback-2-r10,2026-02-02,4983.516409223702,4978.532893495157,-4.983515728545171,4978.532893495157,4983.516409223702,4734.340588762517,0.6050461567802098
pullback-2-r10,2026-02-03,4978.532893495157,4978.055793192571,-0.47710030258531333,4975.837536466331,4978.532893495157,4729.606248820399,0.6145713248505088
pullback-2-r10,2026-02-04,4978.055793192571,4981.31327743754,3.2574842449685093,4976.503939910284,4978.055793192571,4729.153003532942,0.5495366041606643
pullback-2-r10,2026-02-05,4981.31327743754,4981.31327743754,0,4981.31327743754,4981.31327743754,4732.2476135656625,0.5495366041606643
pullback-2-r10,2026-02-06,4981.31327743754,4976.331964751731,-4.981312685808916,4976.331964751731,4981.31327743754,4732.2476135656625,0.6489870557448111
pullback-2-r10,2026-02-07,4976.331964751731,4976.331964751731,0,4976.331964751731,4976.331964751731,4727.515366514144,0.6489870557448111
pullback-2-r10,2026-02-08,4976.331964751731,4976.331964751731,0,4976.331964751731,4976.331964751731,4727.515366514144,0.6489870557448111
pullback-2-r10,2026-02-09,4976.331964751731,4971.35563281145,-4.976331940280943,4971.35563281145,4976.331964751731,4727.515366514144,0.7483380682005142
pullback-2-r10,2026-02-10,4971.35563281145,4971.35563281145,0,4971.35563281145,4971.35563281145,4722.787851170878,0.7483380682005142
pullback-2-r10,2026-02-11,4971.35563281145,4971.35563281145,0,4971.35563281145,4971.35563281145,4722.787851170878,0.7483380682005142
pullback-2-r10,2026-02-12,4971.35563281145,4971.35563281145,0,4971.35563281145,4971.35563281145,4722.787851170878,0.7483380682005142
pullback-2-r10,2026-02-13,4971.35563281145,4971.35563281145,0,4971.35563281145,4971.35563281145,4722.787851170878,0.7483380682005142
pullback-2-r10,2026-02-14,4971.35563281145,4971.35563281145,0,4971.35563281145,4971.35563281145,4722.787851170878,0.7483380682005142
pullback-2-r10,2026-02-15,4971.35563281145,4971.35563281145,0,4971.35563281145,4971.35563281145,4722.787851170878,0.7483380682005142
pullback-2-r10,2026-02-16,4971.35563281145,4962.950509873048,-8.4051229384022,4959.759707330007,4971.35563281145,4722.787851170878,0.9161438905946225
pullback-2-r10,2026-02-17,4962.950509873048,4956.074420273961,-6.876089599087209,4956.074420273961,4962.950509873048,4714.802984379396,1.0534230093518966
pullback-2-r10,2026-02-18,4956.074420273961,4957.413826349654,1.3394060756936597,4951.877614547423,4956.074420273961,4708.2706992602625,1.0266821585994903
pullback-2-r10,2026-02-19,4957.413826349654,4960.376854547497,2.9630281978425046,4955.75681727181,4957.413826349654,4709.543135032171,0.9675261668121277
pullback-2-r10,2026-02-20,4960.376854547497,4958.459272269046,-1.9175822784509364,4955.926405014685,4960.376854547497,4712.358011820122,1.0058101364342302
pullback-2-r10,2026-02-21,4958.459272269046,4958.459272269046,0,4958.459272269046,4958.459272269046,4710.5363086555935,1.0058101364342302
pullback-2-r10,2026-02-22,4958.459272269046,4958.459272269046,0,4958.459272269046,4958.459272269046,4710.5363086555935,1.0058101364342302
pullback-2-r10,2026-02-23,4958.459272269046,4967.344701722814,8.885429453767756,4957.123224118925,4958.459272269046,4710.5363086555935,0.8284151348689381
pullback-2-r10,2026-02-24,4967.344701722814,4967.344701722814,0,4967.344701722814,4967.344701722814,4718.977466636673,0.8284151348689381
pullback-2-r10,2026-02-25,4967.344701722814,4967.344701722814,0,4967.344701722814,4967.344701722814,4718.977466636673,0.8284151348689381
pullback-2-r10,2026-02-26,4967.344701722814,4967.344701722814,0,4967.344701722814,4967.344701722814,4718.977466636673,0.8284151348689381
pullback-2-r10,2026-02-27,4967.344701722814,4962.377357291214,-4.967344431599486,4962.377357291214,4967.344701722814,4718.977466636673,0.9275867143411357
pullback-2-r10,2026-02-28,4962.377357291214,4962.377357291214,0,4962.377357291214,4962.377357291214,4714.258489426653,0.9275867143411357
pullback-2-r10,2026-03-01,4962.377357291214,4962.377357291214,0,4962.377357291214,4962.377357291214,4714.258489426653,0.9275867143411357
pullback-2-r10,2026-03-02,4962.377357291214,4971.554338259198,9.176980967983582,4958.406007824959,4962.377357291214,4714.258489426653,0.7443709720238311
pullback-2-r10,2026-03-03,4971.554338259198,4971.554338259198,0,4971.554338259198,4971.554338259198,4722.976621346238,0.7443709720238311
pullback-2-r10,2026-03-04,4971.554338259198,4980.785097463151,9.230759203953312,4970.712487164449,4971.554338259198,4722.976621346238,0.5600815629463919
pullback-2-r10,2026-03-05,4980.785097463151,4975.8043257657955,-4.980771697355522,4975.8043257657955,4980.785097463151,4731.745842589993,0.6595212138542139
pullback-2-r10,2026-03-06,4975.8043257657955,4975.8043257657955,0,4975.8043257657955,4975.8043257657955,4727.014109477505,0.6595212138542139
pullback-2-r10,2026-03-07,4975.8043257657955,4975.8043257657955,0,4975.8043257657955,4975.8043257657955,4727.014109477505,0.6595212138542139
pullback-2-r10,2026-03-08,4975.8043257657955,4975.8043257657955,0,4975.8043257657955,4975.8043257657955,4727.014109477505,0.6595212138542139
pullback-2-r10,2026-03-09,4975.8043257657955,4975.8043257657955,0,4975.8043257657955,4975.8043257657955,4727.014109477505,0.6595212138542139
pullback-2-r10,2026-03-10,4975.8043257657955,4972.019311681595,-3.7850140842001565,4971.086291985163,4975.8043257657955,4727.014109477505,0.735087913571426
pullback-2-r10,2026-03-11,4972.019311681595,4973.333133730003,1.3138220484079284,4970.077323378769,4972.019311681595,4723.4183460975155,0.708857840444796
pullback-2-r10,2026-03-12,4973.333133730003,4975.088394464394,1.7552607343905038,4970.407801322232,4973.333133730003,4724.666477043503,0.673814572998374
pullback-2-r10,2026-03-13,4975.088394464394,4975.088394464394,0,4975.088394464394,4975.088394464394,4726.333974741174,0.673814572998374
pullback-2-r10,2026-03-14,4975.088394464394,4975.088394464394,0,4975.088394464394,4975.088394464394,4726.333974741174,0.673814572998374
pullback-2-r10,2026-03-15,4975.088394464394,4975.088394464394,0,4975.088394464394,4975.088394464394,4726.333974741174,0.673814572998374
pullback-2-r10,2026-03-16,4975.088394464394,4975.088394464394,0,4975.088394464394,4975.088394464394,4726.333974741174,0.673814572998374
pullback-2-r10,2026-03-17,4975.088394464394,4977.240372709398,2.151978245004102,4973.955905723593,4975.088394464394,4726.333974741174,0.6308509564250523
pullback-2-r10,2026-03-18,4977.240372709398,4972.26313780077,-4.977234908627906,4972.26313780077,4977.240372709398,4728.378354073928,0.7302199963798376
pullback-2-r10,2026-03-19,4972.26313780077,4972.26313780077,0,4972.26313780077,4972.26313780077,4723.649980910731,0.7302199963798376
pullback-2-r10,2026-03-20,4972.26313780077,4972.740929953197,0.4777921524273552,4970.116816162406,4972.26313780077,4723.649980910731,0.7206810157296908
pullback-2-r10,2026-03-21,4972.740929953197,4972.740929953197,0,4972.740929953197,4972.740929953197,4724.1038834555375,0.7206810157296908
pullback-2-r10,2026-03-22,4972.740929953197,4972.740929953197,0,4972.740929953197,4972.740929953197,4724.1038834555375,0.7206810157296908
pullback-2-r10,2026-03-23,4972.740929953197,4967.768194773355,-4.972735179841948,4967.7681947733545,4972.740929953197,4724.1038834555375,0.8199602199146709
pullback-2-r10,2026-03-24,4967.768194773355,4964.610003691658,-3.1581910816976233,4963.144244938372,4967.768194773355,4719.379785034687,0.8830125816262003
pullback-2-r10,2026-03-25,4964.610003691658,4964.610003691658,0,4964.610003691658,4964.610003691658,4716.379503507074,0.8830125816262003
pullback-2-r10,2026-03-26,4964.610003691658,4964.610003691658,0,4964.610003691658,4964.610003691658,4716.379503507074,0.8830125816262003
pullback-2-r10,2026-03-27,4964.610003691658,4964.610003691658,0,4964.610003691658,4964.610003691658,4716.379503507074,0.8830125816262003
pullback-2-r10,2026-03-28,4964.610003691658,4964.610003691658,0,4964.610003691658,4964.610003691658,4716.379503507074,0.8830125816262003
pullback-2-r10,2026-03-29,4964.610003691658,4964.610003691658,0,4964.610003691658,4964.610003691658,4716.379503507074,0.8830125816262003
pullback-2-r10,2026-03-30,4964.610003691658,4964.610003691658,0,4964.610003691658,4964.610003691658,4716.379503507074,0.8830125816262003
pullback-2-r10,2026-03-31,4964.610003691658,4969.739494533564,5.129490841905863,4962.968489589081,4964.610003691658,4716.379503507074,0.7806037964725249
pullback-2-r10,2026-04-01,4969.739494533564,4967.587835926118,-2.1516586074458246,4966.566011136224,4969.739494533564,4721.252519806885,0.8235610315754353
pullback-2-r10,2026-04-02,4967.587835926118,4967.587835926118,0,4967.587835926118,4967.587835926118,4719.208444129812,0.8235610315754353
pullback-2-r10,2026-04-03,4967.587835926118,4968.502492459696,0.9146565335786363,4963.761572141586,4967.587835926118,4719.208444129812,0.8053001812642457
pullback-2-r10,2026-04-04,4968.502492459696,4968.502492459696,0,4968.502492459696,4968.502492459696,4720.077367836711,0.8053001812642457
pullback-2-r10,2026-04-05,4968.502492459696,4968.502492459696,0,4968.502492459696,4968.502492459696,4720.077367836711,0.8053001812642457
pullback-2-r10,2026-04-06,4968.502492459696,4968.502492459696,0,4968.502492459696,4968.502492459696,4720.077367836711,0.8053001812642457
pullback-2-r10,2026-04-07,4968.502492459696,4963.533994622801,-4.96849783689504,4963.533994622801,4968.502492459696,4720.077367836711,0.9044947881359942
pullback-2-r10,2026-04-08,4963.533994622801,4963.533994622801,0,4963.533994622801,4963.533994622801,4715.357294891661,0.9044947881359942
pullback-2-r10,2026-04-09,4963.533994622801,4967.233714530922,3.6997199081206418,4959.274684398949,4963.533994622801,4715.357294891661,0.8306309617101479
pullback-2-r10,2026-04-10,4967.233714530922,4969.96696406358,2.733249532658192,4964.353871328822,4967.233714530922,4718.872028804376,0.7760624338019517
pullback-2-r10,2026-04-11,4969.96696406358,4969.96696406358,0,4969.96696406358,4969.96696406358,4721.468615860401,0.7760624338019517
pullback-2-r10,2026-04-12,4969.96696406358,4969.96696406358,0,4969.96696406358,4969.96696406358,4721.468615860401,0.7760624338019517
pullback-2-r10,2026-04-13,4969.96696406358,4969.96696406358,0,4969.96696406358,4969.96696406358,4721.468615860401,0.7760624338019517
pullback-2-r10,2026-04-14,4969.96696406358,4969.96696406358,0,4969.96696406358,4969.96696406358,4721.468615860401,0.7760624338019517
pullback-2-r10,2026-04-15,4969.96696406358,4973.415075422889,3.4481113593083137,4966.418961176648,4969.96696406358,4721.468615860401,0.7072218985003714
pullback-2-r10,2026-04-16,4973.415075422889,4973.415075422889,0,4973.415075422889,4973.415075422889,4724.744321651744,0.7072218985003714
pullback-2-r10,2026-04-17,4973.415075422889,4982.144575285377,8.72949986248841,4972.8985369734355,4973.415075422889,4724.744321651744,0.5329399856420461
pullback-2-r10,2026-04-18,4982.144575285377,4982.144575285377,0,4982.144575285377,4982.144575285377,4733.037346521108,0.5329399856420461
pullback-2-r10,2026-04-19,4982.144575285377,4982.144575285377,0,4982.144575285377,4982.144575285377,4733.037346521108,0.5329399856420461
pullback-2-r10,2026-04-20,4982.144575285377,4972.185276708391,-9.95929857698593,4972.185276708391,4982.144575285377,4733.037346521108,0.7317744703280363
pullback-2-r10,2026-04-21,4972.185276708391,4973.073562103272,0.8882853948807679,4968.7260272066715,4972.185276708391,4723.576012872972,0.71404011209187
pullback-2-r10,2026-04-22,4973.073562103272,4973.073562103272,0,4973.073562103272,4973.073562103272,4724.419883998108,0.71404011209187
pullback-2-r10,2026-04-23,4973.073562103272,4963.132404965945,-9.941157137326627,4963.132404965945,4973.073562103272,4724.419883998108,0.9125124082383526
pullback-2-r10,2026-04-24,4963.132404965945,4961.700984345162,-1.4314206207827738,4959.448488623185,4963.132404965945,4714.975784717648,0.9410903024848346
pullback-2-r10,2026-04-25,4961.700984345162,4961.700984345162,0,4961.700984345162,4961.700984345162,4713.615935127904,0.9410903024848346
pullback-2-r10,2026-04-26,4961.700984345162,4961.700984345162,0,4961.700984345162,4961.700984345162,4713.615935127904,0.9410903024848346
pullback-2-r10,2026-04-27,4961.700984345162,4961.700984345162,0,4961.700984345162,4961.700984345162,4713.615935127904,0.9410903024848346
pullback-2-r10,2026-04-28,4961.700984345162,4961.700984345162,0,4961.700984345162,4961.700984345162,4713.615935127904,0.9410903024848346
pullback-2-r10,2026-04-29,4961.700984345162,4970.264079054065,8.563094708903009,4960.585542411861,4961.700984345162,4713.615935127904,0.7701306198725936
pullback-2-r10,2026-04-30,4970.264079054065,4968.039149249277,-2.2249298047881894,4966.255689928921,4970.264079054065,4721.750875101362,0.8145506930110621
pullback-2-r10,2026-05-01,4968.039149249277,4968.039149249277,0,4968.039149249277,4968.039149249277,4719.637191786813,0.8145506930110621
pullback-2-r10,2026-05-02,4968.039149249277,4968.039149249277,0,4968.039149249277,4968.039149249277,4719.637191786813,0.8145506930110621
pullback-2-r10,2026-05-03,4968.039149249277,4968.039149249277,0,4968.039149249277,4968.039149249277,4719.637191786813,0.8145506930110621
pullback-2-r10,2026-05-04,4968.039149249277,4966.9302264240405,-1.108922825236732,4964.490184696692,4968.039149249277,4719.637191786813,0.8366900130453057
pullback-2-r10,2026-05-05,4966.9302264240405,4966.9302264240405,0,4966.9302264240405,4966.9302264240405,4718.583715102838,0.8366900130453057
pullback-2-r10,2026-05-06,4966.9302264240405,4964.512658989287,-2.417567434753437,4962.564834866709,4966.9302264240405,4718.583715102838,0.8849560401522375
pullback-2-r10,2026-05-07,4964.512658989287,4959.548151909403,-4.964507079884243,4959.548151909403,4964.512658989287,4716.287026039822,0.984070972726884
pullback-2-r10,2026-05-08,4959.548151909403,4959.548151909403,0,4959.548151909403,4959.548151909403,4711.570744313933,0.984070972726884
pullback-2-r10,2026-05-09,4959.548151909403,4959.548151909403,0,4959.548151909403,4959.548151909403,4711.570744313933,0.984070972726884
pullback-2-r10,2026-05-10,4959.548151909403,4959.548151909403,0,4959.548151909403,4959.548151909403,4711.570744313933,0.984070972726884
pullback-2-r10,2026-05-11,4959.548151909403,4959.548151909403,0,4959.548151909403,4959.548151909403,4711.570744313933,0.984070972726884
pullback-2-r10,2026-05-12,4959.548151909403,4959.548151909403,0,4959.548151909403,4959.548151909403,4711.570744313933,0.984070972726884
pullback-2-r10,2026-05-13,4959.548151909403,4959.548151909403,0,4959.548151909403,4959.548151909403,4711.570744313933,0.984070972726884
pullback-2-r10,2026-05-14,4959.548151909403,4959.548151909403,0,4959.548151909403,4959.548151909403,4711.570744313933,0.984070972726884
pullback-2-r10,2026-05-15,4959.548151909403,4959.548151909403,0,4959.548151909403,4959.548151909403,4711.570744313933,0.984070972726884
pullback-2-r10,2026-05-16,4959.548151909403,4959.548151909403,0,4959.548151909403,4959.548151909403,4711.570744313933,0.984070972726884
pullback-2-r10,2026-05-17,4959.548151909403,4959.548151909403,0,4959.548151909403,4959.548151909403,4711.570744313933,0.984070972726884
pullback-2-r10,2026-05-18,4959.548151909403,4959.548151909403,0,4959.548151909403,4959.548151909403,4711.570744313933,0.984070972726884
pullback-2-r10,2026-05-19,4959.548151909403,4959.548151909403,0,4959.548151909403,4959.548151909403,4711.570744313933,0.984070972726884
pullback-2-r10,2026-05-20,4959.548151909403,4959.548151909403,0,4959.548151909403,4959.548151909403,4711.570744313933,0.984070972726884
pullback-2-r10,2026-05-21,4959.548151909403,4959.548151909403,0,4959.548151909403,4959.548151909403,4711.570744313933,0.984070972726884
pullback-2-r10,2026-05-22,4959.548151909403,4959.548151909403,0,4959.548151909403,4959.548151909403,4711.570744313933,0.984070972726884
pullback-2-r10,2026-05-23,4959.548151909403,4959.548151909403,0,4959.548151909403,4959.548151909403,4711.570744313933,0.984070972726884
pullback-2-r10,2026-05-24,4959.548151909403,4959.548151909403,0,4959.548151909403,4959.548151909403,4711.570744313933,0.984070972726884
pullback-2-r10,2026-05-25,4959.548151909403,4959.548151909403,0,4959.548151909403,4959.548151909403,4711.570744313933,0.984070972726884
pullback-2-r10,2026-05-26,4959.548151909403,4954.588605789239,-4.959546120163395,4954.588605789239,4959.548151909403,4711.570744313933,1.0830868611909419
pullback-2-r10,2026-05-27,4954.588605789239,4958.350378719251,3.76177293001183,4950.8123888785,4954.588605789239,4706.859175499777,1.0079841643230092
pullback-2-r10,2026-05-28,4958.350378719251,4958.350378719251,0,4958.350378719251,4958.350378719251,4710.432859783288,1.0079841643230092
pullback-2-r10,2026-05-29,4958.350378719251,4956.169565350416,-2.1808133688355156,4953.9416356019365,4958.350378719251,4710.432859783288,1.051523465714248
pullback-2-r10,2026-05-30,4956.169565350416,4956.169565350416,0,4956.169565350416,4956.169565350416,4708.361087082894,1.051523465714248
pullback-2-r10,2026-05-31,4956.169565350416,4956.169565350416,0,4956.169565350416,4956.169565350416,4708.361087082894,1.051523465714248
pullback-2-r10,2026-06-01,4956.169565350416,4956.169565350416,0,4956.169565350416,4956.169565350416,4708.361087082894,1.051523465714248
pullback-2-r10,2026-06-02,4956.169565350416,4957.40864627241,1.239080921994173,4955.039066834133,4956.169565350416,4708.361087082894,1.026785577327382
pullback-2-r10,2026-06-03,4957.40864627241,4957.40864627241,0,4957.40864627241,4957.40864627241,4709.538213958789,1.026785577327382
pullback-2-r10,2026-06-04,4957.40864627241,4958.0845010388675,0.6758547664576326,4955.987783108334,4957.40864627241,4709.538213958789,1.0132923344878
pullback-2-r10,2026-06-05,4958.0845010388675,4962.374796574961,4.290295536093254,4955.136004487586,4958.0845010388675,4710.180275986924,0.9276378382925594
pullback-2-r10,2026-06-06,4962.374796574961,4962.374796574961,0,4962.374796574961,4962.374796574961,4714.256056746212,0.9276378382925594
pullback-2-r10,2026-06-07,4962.374796574961,4962.374796574961,0,4962.374796574961,4962.374796574961,4714.256056746212,0.9276378382925594
pullback-2-r10,2026-06-08,4962.374796574961,4962.374796574961,0,4962.374796574961,4962.374796574961,4714.256056746212,0.9276378382925594
pullback-2-r10,2026-06-09,4962.374796574961,4962.374796574961,0,4962.374796574961,4962.374796574961,4714.256056746212,0.9276378382925594
pullback-2-r10,2026-06-10,4962.374796574961,4962.374796574961,0,4962.374796574961,4962.374796574961,4714.256056746212,0.9276378382925594
reversion-2.5-r10,2026-01-01,5000,5000,0,5000,5000,4750,0
reversion-2.5-r10,2026-01-02,5000,5000,0,5000,5000,4750,0
reversion-2.5-r10,2026-01-03,5000,5000,0,5000,5000,4750,0
reversion-2.5-r10,2026-01-04,5000,5000,0,5000,5000,4750,0
reversion-2.5-r10,2026-01-05,5000,5000,0,5000,5000,4750,0
reversion-2.5-r10,2026-01-06,5000,5000,0,5000,5000,4750,0
reversion-2.5-r10,2026-01-07,5000,5000,0,5000,5000,4750,0
reversion-2.5-r10,2026-01-08,5000,5000,0,5000,5000,4750,0
reversion-2.5-r10,2026-01-09,5000,5000,0,5000,5000,4750,0
reversion-2.5-r10,2026-01-10,5000,5000,0,5000,5000,4750,0
reversion-2.5-r10,2026-01-11,5000,5000,0,5000,5000,4750,0
reversion-2.5-r10,2026-01-12,5000,5000,0,5000,5000,4750,0
reversion-2.5-r10,2026-01-13,5000,5000,0,5000,5000,4750,0
reversion-2.5-r10,2026-01-14,5000,5000,0,5000,5000,4750,0
reversion-2.5-r10,2026-01-15,5000,5000,0,5000,5000,4750,0
reversion-2.5-r10,2026-01-16,5000,5000,0,5000,5000,4750,0
reversion-2.5-r10,2026-01-17,5000,5000,0,5000,5000,4750,0
reversion-2.5-r10,2026-01-18,5000,5000,0,5000,5000,4750,0
reversion-2.5-r10,2026-01-19,5000,5000,0,5000,5000,4750,0
reversion-2.5-r10,2026-01-20,5000,5000,0,5000,5000,4750,0
reversion-2.5-r10,2026-01-21,5000,5000,0,5000,5000,4750,0
reversion-2.5-r10,2026-01-22,5000,5000,0,5000,5000,4750,0
reversion-2.5-r10,2026-01-23,5000,5000,0,5000,5000,4750,0
reversion-2.5-r10,2026-01-24,5000,5000,0,5000,5000,4750,0
reversion-2.5-r10,2026-01-25,5000,5000,0,5000,5000,4750,0
reversion-2.5-r10,2026-01-26,5000,5000,0,5000,5000,4750,0
reversion-2.5-r10,2026-01-27,5000,5000,0,5000,5000,4750,0
reversion-2.5-r10,2026-01-28,5000,5000,0,5000,5000,4750,0
reversion-2.5-r10,2026-01-29,5000,5000,0,5000,5000,4750,0
reversion-2.5-r10,2026-01-30,5000,5000,0,5000,5000,4750,0
reversion-2.5-r10,2026-01-31,5000,5000,0,5000,5000,4750,0
reversion-2.5-r10,2026-02-01,5000,5000,0,5000,5000,4750,0
reversion-2.5-r10,2026-02-02,5000,5000,0,5000,5000,4750,0
reversion-2.5-r10,2026-02-03,5000,5000,0,5000,5000,4750,0
reversion-2.5-r10,2026-02-04,5000,5000,0,5000,5000,4750,0
reversion-2.5-r10,2026-02-05,5000,5000,0,5000,5000,4750,0
reversion-2.5-r10,2026-02-06,5000,5000,0,5000,5000,4750,0
reversion-2.5-r10,2026-02-07,5000,5000,0,5000,5000,4750,0
reversion-2.5-r10,2026-02-08,5000,5000,0,5000,5000,4750,0
reversion-2.5-r10,2026-02-09,5000,5002.30115024773,2.30115024773022,4997.036370500444,5000,4750,0
reversion-2.5-r10,2026-02-10,5002.30115024773,5002.30115024773,0,5002.30115024773,5002.30115024773,4752.186092735344,0
reversion-2.5-r10,2026-02-11,5002.30115024773,5002.30115024773,0,5002.30115024773,5002.30115024773,4752.186092735344,0
reversion-2.5-r10,2026-02-12,5002.30115024773,5002.30115024773,0,5002.30115024773,5002.30115024773,4752.186092735344,0
reversion-2.5-r10,2026-02-13,5002.30115024773,5002.30115024773,0,5002.30115024773,5002.30115024773,4752.186092735344,0
reversion-2.5-r10,2026-02-14,5002.30115024773,5002.30115024773,0,5002.30115024773,5002.30115024773,4752.186092735344,0
reversion-2.5-r10,2026-02-15,5002.30115024773,5002.30115024773,0,5002.30115024773,5002.30115024773,4752.186092735344,0
reversion-2.5-r10,2026-02-16,5002.30115024773,5004.170561063196,1.8694108154659261,5000.127427991998,5002.30115024773,4752.186092735344,0.05077461046439327
reversion-2.5-r10,2026-02-17,5004.170561063196,5004.170561063196,0,5004.170561063196,5004.170561063196,4753.962033010036,0.05077461046439327
reversion-2.5-r10,2026-02-18,5004.170561063196,5004.170561063196,0,5004.170561063196,5004.170561063196,4753.962033010036,0.05077461046439327
reversion-2.5-r10,2026-02-19,5004.170561063196,5004.170561063196,0,5004.170561063196,5004.170561063196,4753.962033010036,0.05077461046439327
reversion-2.5-r10,2026-02-20,5004.170561063196,5004.170561063196,0,5004.170561063196,5004.170561063196,4753.962033010036,0.05077461046439327
reversion-2.5-r10,2026-02-21,5004.170561063196,5004.170561063196,0,5004.170561063196,5004.170561063196,4753.962033010036,0.05077461046439327
reversion-2.5-r10,2026-02-22,5004.170561063196,5004.170561063196,0,5004.170561063196,5004.170561063196,4753.962033010036,0.05077461046439327
reversion-2.5-r10,2026-02-23,5004.170561063196,5004.170561063196,0,5004.170561063196,5004.170561063196,4753.962033010036,0.05077461046439327
reversion-2.5-r10,2026-02-24,5004.170561063196,5004.170561063196,0,5004.170561063196,5004.170561063196,4753.962033010036,0.05077461046439327
reversion-2.5-r10,2026-02-25,5004.170561063196,5004.170561063196,0,5004.170561063196,5004.170561063196,4753.962033010036,0.05077461046439327
reversion-2.5-r10,2026-02-26,5004.170561063196,5004.170561063196,0,5004.170561063196,5004.170561063196,4753.962033010036,0.05077461046439327
reversion-2.5-r10,2026-02-27,5004.170561063196,5004.170561063196,0,5004.170561063196,5004.170561063196,4753.962033010036,0.05077461046439327
reversion-2.5-r10,2026-02-28,5004.170561063196,5004.170561063196,0,5004.170561063196,5004.170561063196,4753.962033010036,0.05077461046439327
reversion-2.5-r10,2026-03-01,5004.170561063196,5004.170561063196,0,5004.170561063196,5004.170561063196,4753.962033010036,0.05077461046439327
reversion-2.5-r10,2026-03-02,5004.170561063196,5004.170561063196,0,5004.170561063196,5004.170561063196,4753.962033010036,0.05077461046439327
reversion-2.5-r10,2026-03-03,5004.170561063196,5004.170561063196,0,5004.170561063196,5004.170561063196,4753.962033010036,0.05077461046439327
reversion-2.5-r10,2026-03-04,5004.170561063196,5003.071065817337,-1.0994952458595435,4999.856283490615,5004.170561063196,4753.962033010036,0.08236838568704107
reversion-2.5-r10,2026-03-05,5003.071065817337,5003.071065817337,0,5003.071065817337,5003.071065817337,4752.917512526469,0.08236838568704107
reversion-2.5-r10,2026-03-06,5003.071065817337,5003.071065817337,0,5003.071065817337,5003.071065817337,4752.917512526469,0.08236838568704107
reversion-2.5-r10,2026-03-07,5003.071065817337,5003.071065817337,0,5003.071065817337,5003.071065817337,4752.917512526469,0.08236838568704107
reversion-2.5-r10,2026-03-08,5003.071065817337,5003.071065817337,0,5003.071065817337,5003.071065817337,4752.917512526469,0.08236838568704107
reversion-2.5-r10,2026-03-09,5003.071065817337,4998.071066081483,-4.999999735853635,4998.071066081483,5003.071065817337,4752.917512526469,0.1822246789729869
reversion-2.5-r10,2026-03-10,4998.071066081483,4998.071066081483,0,4998.071066081483,4998.071066081483,4748.167512777409,0.1822246789729869
reversion-2.5-r10,2026-03-11,4998.071066081483,4998.071066081483,0,4998.071066081483,4998.071066081483,4748.167512777409,0.1822246789729869
reversion-2.5-r10,2026-03-12,4998.071066081483,4998.071066081483,0,4998.071066081483,4998.071066081483,4748.167512777409,0.1822246789729869
reversion-2.5-r10,2026-03-13,4998.071066081483,4998.071066081483,0,4998.071066081483,4998.071066081483,4748.167512777409,0.1822246789729869
reversion-2.5-r10,2026-03-14,4998.071066081483,4998.071066081483,0,4998.071066081483,4998.071066081483,4748.167512777409,0.1822246789729869
reversion-2.5-r10,2026-03-15,4998.071066081483,4998.071066081483,0,4998.071066081483,4998.071066081483,4748.167512777409,0.1822246789729869
reversion-2.5-r10,2026-03-16,4998.071066081483,4998.071066081483,0,4998.071066081483,4998.071066081483,4748.167512777409,0.1822246789729869
reversion-2.5-r10,2026-03-17,4998.071066081483,4998.071066081483,0,4998.071066081483,4998.071066081483,4748.167512777409,0.1822246789729869
reversion-2.5-r10,2026-03-18,4998.071066081483,4998.071066081483,0,4998.071066081483,4998.071066081483,4748.167512777409,0.1822246789729869
reversion-2.5-r10,2026-03-19,4998.071066081483,4998.071066081483,0,4998.071066081483,4998.071066081483,4748.167512777409,0.1822246789729869
reversion-2.5-r10,2026-03-20,4998.071066081483,4998.071066081483,0,4998.071066081483,4998.071066081483,4748.167512777409,0.1822246789729869
reversion-2.5-r10,2026-03-21,4998.071066081483,4998.071066081483,0,4998.071066081483,4998.071066081483,4748.167512777409,0.1822246789729869
reversion-2.5-r10,2026-03-22,4998.071066081483,4998.071066081483,0,4998.071066081483,4998.071066081483,4748.167512777409,0.1822246789729869
reversion-2.5-r10,2026-03-23,4998.071066081483,4999.164898871838,1.093832790355009,4996.7316395872185,4998.071066081483,4748.167512777409,0.16037946023502503
reversion-2.5-r10,2026-03-24,4999.164898871838,4999.164898871838,0,4999.164898871838,4999.164898871838,4749.206653928246,0.16037946023502503
reversion-2.5-r10,2026-03-25,4999.164898871838,4999.164898871838,0,4999.164898871838,4999.164898871838,4749.206653928246,0.16037946023502503
reversion-2.5-r10,2026-03-26,4999.164898871838,4994.131862831114,-5.033036040724255,4992.066215477912,4999.164898871838,4749.206653928246,0.2608955301454753
reversion-2.5-r10,2026-03-27,4994.131862831114,4994.131862831114,0,4994.131862831114,4994.131862831114,4744.425269689558,0.2608955301454753
reversion-2.5-r10,2026-03-28,4994.131862831114,4994.131862831114,0,4994.131862831114,4994.131862831114,4744.425269689558,0.2608955301454753
reversion-2.5-r10,2026-03-29,4994.131862831114,4994.131862831114,0,4994.131862831114,4994.131862831114,4744.425269689558,0.2608955301454753
reversion-2.5-r10,2026-03-30,4994.131862831114,4993.478583073916,-0.6532797571981064,4990.78267308604,4994.131862831114,4744.425269689558,0.27394234984123844
reversion-2.5-r10,2026-03-31,4993.478583073916,4993.478583073916,0,4993.478583073916,4993.478583073916,4743.80465392022,0.27394234984123844
reversion-2.5-r10,2026-04-01,4993.478583073916,4993.478583073916,0,4993.478583073916,4993.478583073916,4743.80465392022,0.27394234984123844
reversion-2.5-r10,2026-04-02,4993.478583073916,4992.238320622635,-1.2402624512806142,4991.635757466298,4993.478583073916,4743.80465392022,0.29871195336712314
reversion-2.5-r10,2026-04-03,4992.238320622635,4992.238320622635,0,4992.238320622635,4992.238320622635,4742.626404591503,0.29871195336712314
reversion-2.5-r10,2026-04-04,4992.238320622635,4992.238320622635,0,4992.238320622635,4992.238320622635,4742.626404591503,0.29871195336712314
reversion-2.5-r10,2026-04-05,4992.238320622635,4992.238320622635,0,4992.238320622635,4992.238320622635,4742.626404591503,0.29871195336712314
reversion-2.5-r10,2026-04-06,4992.238320622635,4992.238320622635,0,4992.238320622635,4992.238320622635,4742.626404591503,0.29871195336712314
reversion-2.5-r10,2026-04-07,4992.238320622635,4992.238320622635,0,4992.238320622635,4992.238320622635,4742.626404591503,0.29871195336712314
reversion-2.5-r10,2026-04-08,4992.238320622635,4992.238320622635,0,4992.238320622635,4992.238320622635,4742.626404591503,0.29871195336712314
reversion-2.5-r10,2026-04-09,4992.238320622635,4992.238320622635,0,4992.238320622635,4992.238320622635,4742.626404591503,0.29871195336712314
reversion-2.5-r10,2026-04-10,4992.238320622635,4992.238320622635,0,4992.238320622635,4992.238320622635,4742.626404591503,0.29871195336712314
reversion-2.5-r10,2026-04-11,4992.238320622635,4992.238320622635,0,4992.238320622635,4992.238320622635,4742.626404591503,0.29871195336712314
reversion-2.5-r10,2026-04-12,4992.238320622635,4992.238320622635,0,4992.238320622635,4992.238320622635,4742.626404591503,0.29871195336712314
reversion-2.5-r10,2026-04-13,4992.238320622635,4992.238320622635,0,4992.238320622635,4992.238320622635,4742.626404591503,0.29871195336712314
reversion-2.5-r10,2026-04-14,4992.238320622635,4992.238320622635,0,4992.238320622635,4992.238320622635,4742.626404591503,0.29871195336712314
reversion-2.5-r10,2026-04-15,4992.238320622635,4992.238320622635,0,4992.238320622635,4992.238320622635,4742.626404591503,0.29871195336712314
reversion-2.5-r10,2026-04-16,4992.238320622635,4992.238320622635,0,4992.238320622635,4992.238320622635,4742.626404591503,0.29871195336712314
reversion-2.5-r10,2026-04-17,4992.238320622635,4992.238320622635,0,4992.238320622635,4992.238320622635,4742.626404591503,0.29871195336712314
reversion-2.5-r10,2026-04-18,4992.238320622635,4992.238320622635,0,4992.238320622635,4992.238320622635,4742.626404591503,0.29871195336712314
reversion-2.5-r10,2026-04-19,4992.238320622635,4992.238320622635,0,4992.238320622635,4992.238320622635,4742.626404591503,0.29871195336712314
reversion-2.5-r10,2026-04-20,4992.238320622635,4992.238320622635,0,4992.238320622635,4992.238320622635,4742.626404591503,0.29871195336712314
reversion-2.5-r10,2026-04-21,4992.238320622635,4992.238320622635,0,4992.238320622635,4992.238320622635,4742.626404591503,0.29871195336712314
reversion-2.5-r10,2026-04-22,4992.238320622635,4992.09360815812,-0.14471246451466868,4991.137770254581,4992.238320622635,4742.626404591503,0.3016020435795463
reversion-2.5-r10,2026-04-23,4992.09360815812,4992.09360815812,0,4992.09360815812,4992.09360815812,4742.488927750214,0.3016020435795463
reversion-2.5-r10,2026-04-24,4992.09360815812,4992.09360815812,0,4992.09360815812,4992.09360815812,4742.488927750214,0.3016020435795463
reversion-2.5-r10,2026-04-25,4992.09360815812,4992.09360815812,0,4992.09360815812,4992.09360815812,4742.488927750214,0.3016020435795463
reversion-2.5-r10,2026-04-26,4992.09360815812,4992.09360815812,0,4992.09360815812,4992.09360815812,4742.488927750214,0.3016020435795463
reversion-2.5-r10,2026-04-27,4992.09360815812,4992.09360815812,0,4992.09360815812,4992.09360815812,4742.488927750214,0.3016020435795463
reversion-2.5-r10,2026-04-28,4992.09360815812,4992.09360815812,0,4992.09360815812,4992.09360815812,4742.488927750214,0.3016020435795463
reversion-2.5-r10,2026-04-29,4992.09360815812,4989.348710169655,-2.744897988465709,4987.8750072167,4992.09360815812,4742.488927750214,0.3564211141908449
reversion-2.5-r10,2026-04-30,4989.348710169655,4989.348710169655,0,4989.348710169655,4989.348710169655,4739.881274661172,0.3564211141908449
reversion-2.5-r10,2026-05-01,4989.348710169655,4989.348710169655,0,4989.348710169655,4989.348710169655,4739.881274661172,0.3564211141908449
reversion-2.5-r10,2026-05-02,4989.348710169655,4989.348710169655,0,4989.348710169655,4989.348710169655,4739.881274661172,0.3564211141908449
reversion-2.5-r10,2026-05-03,4989.348710169655,4989.348710169655,0,4989.348710169655,4989.348710169655,4739.881274661172,0.3564211141908449
reversion-2.5-r10,2026-05-04,4989.348710169655,4989.348710169655,0,4989.348710169655,4989.348710169655,4739.881274661172,0.3564211141908449
reversion-2.5-r10,2026-05-05,4989.348710169655,4989.348710169655,0,4989.348710169655,4989.348710169655,4739.881274661172,0.3564211141908449
reversion-2.5-r10,2026-05-06,4989.348710169655,4989.348710169655,0,4989.348710169655,4989.348710169655,4739.881274661172,0.3564211141908449
reversion-2.5-r10,2026-05-07,4989.348710169655,4989.348710169655,0,4989.348710169655,4989.348710169655,4739.881274661172,0.3564211141908449
reversion-2.5-r10,2026-05-08,4989.348710169655,4989.348710169655,0,4989.348710169655,4989.348710169655,4739.881274661172,0.3564211141908449
reversion-2.5-r10,2026-05-09,4989.348710169655,4989.348710169655,0,4989.348710169655,4989.348710169655,4739.881274661172,0.3564211141908449
reversion-2.5-r10,2026-05-10,4989.348710169655,4989.348710169655,0,4989.348710169655,4989.348710169655,4739.881274661172,0.3564211141908449
reversion-2.5-r10,2026-05-11,4989.348710169655,4989.348710169655,0,4989.348710169655,4989.348710169655,4739.881274661172,0.3564211141908449
reversion-2.5-r10,2026-05-12,4989.348710169655,4989.348710169655,0,4989.348710169655,4989.348710169655,4739.881274661172,0.3564211141908449
reversion-2.5-r10,2026-05-13,4989.348710169655,4989.348710169655,0,4989.348710169655,4989.348710169655,4739.881274661172,0.3564211141908449
reversion-2.5-r10,2026-05-14,4989.348710169655,4989.348710169655,0,4989.348710169655,4989.348710169655,4739.881274661172,0.3564211141908449
reversion-2.5-r10,2026-05-15,4989.348710169655,4989.348710169655,0,4989.348710169655,4989.348710169655,4739.881274661172,0.3564211141908449
reversion-2.5-r10,2026-05-16,4989.348710169655,4989.348710169655,0,4989.348710169655,4989.348710169655,4739.881274661172,0.3564211141908449
reversion-2.5-r10,2026-05-17,4989.348710169655,4989.348710169655,0,4989.348710169655,4989.348710169655,4739.881274661172,0.3564211141908449
reversion-2.5-r10,2026-05-18,4989.348710169655,4989.348710169655,0,4989.348710169655,4989.348710169655,4739.881274661172,0.3564211141908449
reversion-2.5-r10,2026-05-19,4989.348710169655,4989.348710169655,0,4989.348710169655,4989.348710169655,4739.881274661172,0.3564211141908449
reversion-2.5-r10,2026-05-20,4989.348710169655,4989.348710169655,0,4989.348710169655,4989.348710169655,4739.881274661172,0.3564211141908449
reversion-2.5-r10,2026-05-21,4989.348710169655,4989.348710169655,0,4989.348710169655,4989.348710169655,4739.881274661172,0.3564211141908449
reversion-2.5-r10,2026-05-22,4989.348710169655,4989.348710169655,0,4989.348710169655,4989.348710169655,4739.881274661172,0.3564211141908449
reversion-2.5-r10,2026-05-23,4989.348710169655,4989.348710169655,0,4989.348710169655,4989.348710169655,4739.881274661172,0.3564211141908449
reversion-2.5-r10,2026-05-24,4989.348710169655,4989.348710169655,0,4989.348710169655,4989.348710169655,4739.881274661172,0.3564211141908449
reversion-2.5-r10,2026-05-25,4989.348710169655,4989.348710169655,0,4989.348710169655,4989.348710169655,4739.881274661172,0.3564211141908449
reversion-2.5-r10,2026-05-26,4989.348710169655,4989.348710169655,0,4989.348710169655,4989.348710169655,4739.881274661172,0.3564211141908449
reversion-2.5-r10,2026-05-27,4989.348710169655,4989.348710169655,0,4989.348710169655,4989.348710169655,4739.881274661172,0.3564211141908449
reversion-2.5-r10,2026-05-28,4989.348710169655,4989.348710169655,0,4989.348710169655,4989.348710169655,4739.881274661172,0.3564211141908449
reversion-2.5-r10,2026-05-29,4989.348710169655,4989.348710169655,0,4989.348710169655,4989.348710169655,4739.881274661172,0.3564211141908449
reversion-2.5-r10,2026-05-30,4989.348710169655,4989.348710169655,0,4989.348710169655,4989.348710169655,4739.881274661172,0.3564211141908449
reversion-2.5-r10,2026-05-31,4989.348710169655,4989.348710169655,0,4989.348710169655,4989.348710169655,4739.881274661172,0.3564211141908449
reversion-2.5-r10,2026-06-01,4989.348710169655,4984.359362617177,-4.989347552477739,4984.359362617177,4989.348710169655,4739.881274661172,0.45606466995608813
reversion-2.5-r10,2026-06-02,4984.359362617177,4984.359362617177,0,4984.359362617177,4984.359362617177,4735.141394486318,0.45606466995608813
reversion-2.5-r10,2026-06-03,4984.359362617177,4984.359362617177,0,4984.359362617177,4984.359362617177,4735.141394486318,0.45606466995608813
reversion-2.5-r10,2026-06-04,4984.359362617177,4984.359362617177,0,4984.359362617177,4984.359362617177,4735.141394486318,0.45606466995608813
reversion-2.5-r10,2026-06-05,4984.359362617177,4984.359362617177,0,4984.359362617177,4984.359362617177,4735.141394486318,0.45606466995608813
reversion-2.5-r10,2026-06-06,4984.359362617177,4984.359362617177,0,4984.359362617177,4984.359362617177,4735.141394486318,0.45606466995608813
reversion-2.5-r10,2026-06-07,4984.359362617177,4984.359362617177,0,4984.359362617177,4984.359362617177,4735.141394486318,0.45606466995608813
reversion-2.5-r10,2026-06-08,4984.359362617177,4984.359362617177,0,4984.359362617177,4984.359362617177,4735.141394486318,0.45606466995608813
reversion-2.5-r10,2026-06-09,4984.359362617177,4984.359362617177,0,4984.359362617177,4984.359362617177,4735.141394486318,0.45606466995608813
reversion-2.5-r10,2026-06-10,4984.359362617177,4984.359362617177,0,4984.359362617177,4984.359362617177,4735.141394486318,0.45606466995608813
